{"cameraMode":{"drawMode":0,"name":"Shaded","section":"Shading Mode"},"sceneLighting":true,"audioPlay":false,"sceneViewState":{"showFog":true,"showMaterialUpdate":true,"showSkybox":true,"showFlares":true,"showImageEffects":true,"showParticleSystems":true},"in2DMode":false,"pivot":{"x":-0.12813615798950196,"y":2.6680397987365724,"z":-3.176905870437622},"rotation":{"x":-0.18325792253017426,"y":0.4990479052066803,"z":-0.10888031870126724,"w":-0.8399566411972046},"size":2.0421786308288576,"orthographic":false}