{"cameraMode":{"drawMode":0,"name":"Shaded","section":"Shading Mode"},"sceneLighting":true,"audioPlay":false,"sceneViewState":{"showFog":true,"showMaterialUpdate":true,"showSkybox":true,"showFlares":true,"showImageEffects":true,"showParticleSystems":true},"in2DMode":false,"pivot":{"x":-1.0051965713500977,"y":1.73143470287323,"z":-0.06474924087524414},"rotation":{"x":-0.1002606749534607,"y":0.29872244596481326,"z":-0.03157653287053108,"w":-0.9485433101654053},"size":6.152817726135254,"orthographic":false}