{"cameraMode":{"drawMode":0,"name":"Shaded","section":"Shading Mode"},"sceneLighting":true,"audioPlay":false,"sceneViewState":{"showFog":true,"showMaterialUpdate":true,"showSkybox":true,"showFlares":true,"showImageEffects":true,"showParticleSystems":true},"in2DMode":false,"pivot":{"x":-6.457885265350342,"y":2.1784074306488039,"z":2.2512311935424806},"rotation":{"x":-0.16154414415359498,"y":0.025749187916517259,"z":-0.004219385329633951,"w":-0.9865304231643677},"size":2.163444757461548,"orthographic":false}